ID,Name,Email,Product Title,Price,Quantity,Total
1,Dejah Witting,smraz@hotmail.com,Products,,,160
,,,Maxime Pagac,80,2,
2,Ulices Smitham,jordon.langworth@damore.com,Products,,,85
,,,Garth Fadel II,47,1,
,,,Amya Abshire Sr.,38,1,
3,Avery Kiehn,janessa.mclaughlin@gmail.com,Products,,,555
,,,Chase Olson,70,6,
,,,Ellen Rice,15,9,
4,Berneice Harvey,xzavier98@howe.com,Products,,,456
,,,Javonte Conroy DDS,76,6,
5,Garret Hills,tillman.brielle@boyle.com,Products,,,149
,,,Wava Mayer,29,1,
,,,Cooper O'Conner,20,6,
6,Jesus Schultz,gabriel.stroman@gmail.com,Products,,,296
,,,Abdiel Blick,16,3,
,,,Vena Ruecker,31,8,
7,Justen Daniel,krajcik.nayeli@oconner.net,Products,,,1196
,,,Dr. Jude Torp V,77,8,
,,,Miss Kasandra Pollich,58,10,
8,Izaiah Legros,hillard82@gmail.com,Products,,,66
,,,Prof. Daphne Jacobson,33,2,
9,Frederik Sporer,nicholas.klein@schmitt.org,Products,,,285
,,,Johnpaul Flatley,27,6,
,,,Daryl Keebler,41,3,
10,Keshawn Christiansen,ydooley@yahoo.com,Products,,,806
,,,Catalina Bode,52,8,
,,,Dr. Jeramy Reynolds,39,10,
11,Kenyon Padberg,bernardo.crist@lebsack.info,Products,,,260
,,,Osbaldo Turner,14,1,
,,,Mohammed Schoen V,82,3,
12,Mae Witting,cquitzon@larson.biz,Products,,,558
,,,Dr. Loyal Kub DDS,38,10,
,,,Mrs. Noemy Howell,89,2,
13,Ewald Reichert,kobe98@schroeder.com,Products,,,93
,,,Dr. Estrella Ebert MD,93,1,
14,Rachael Kshlerin,anahi.haley@gmail.com,Products,,,450
,,,Zoila Lubowitz,90,5,
15,Zena Zieme,stehr.andrew@yahoo.com,Products,,,225
,,,Miss Elyssa Hansen II,25,9,
16,Eula Corkery,smith.conrad@fahey.com,Products,,,402
,,,Ms. Naomi Kreiger,67,6,
17,Ella Williamson,dorothy70@gmail.com,Products,,,846
,,,Demario Adams,94,9,
18,Georgiana Jenkins,edwardo.gulgowski@hotmail.com,Products,,,830
,,,Kevon Schultz,83,10,
19,Arlo Okuneva,turner.arne@hotmail.com,Products,,,99
,,,Evie Marvin DDS,11,9,
20,Kadin Maggio,flossie23@hotmail.com,Products,,,320
,,,Jermain Batz,32,10,
21,Carlos Gorczany,donato.rippin@collier.com,Products,,,510
,,,Prof. Leola Jacobs MD,65,3,
,,,Dr. Elfrieda Reichel II,35,9,
22,Keira Hauck,eunice86@hotmail.com,Products,,,408
,,,Jerod Ullrich,68,6,
23,Albert Rohan,yzieme@hotmail.com,Products,,,229
,,,Ms. Valerie Lindgren DDS,98,2,
,,,Aditya Carter DDS,11,3,
24,Jada Toy,raphaelle74@leannon.biz,Products,,,591
,,,Prof. Tomas Rutherford,11,5,
,,,Georgiana Bernier,67,8,
25,Ike Wyman,harber.flo@hotmail.com,Products,,,383
,,,Janis Kreiger,51,5,
,,,Mrs. Lillie Toy DVM,32,4,
26,Vita Murazik,franz20@schmidt.com,Products,,,61
,,,Brenden Bednar,61,1,
27,Jace Hamill,bettye.kub@gmail.com,Products,,,731
,,,Ezequiel Mitchell,73,3,
,,,Prof. Gage Williamson DVM,64,8,
28,Donavon Purdy,moore.hardy@gutkowski.com,Products,,,100
,,,Jerad Effertz,25,4,
29,Helena Beatty,melissa56@ferry.com,Products,,,510
,,,Jolie Welch,42,7,
,,,Danika Runolfsson,72,3,
30,Fay Leannon,ireinger@nolan.com,Products,,,304
,,,Arvid Deckow DVM,76,4,
